VIOS / vfcHost,Traffic trends,Traffic,Read,Write,No of reads,No of writes,Partition name,Fiber channel port name
SLO1080VIOS1, , , , , , , , 
vfchost17,,20.534,19.387,1.147,389.752,147.211,PRD_WSA,fcs20
vfchost55,,0.021,0.007,0.014,1.5,2.316,PRD_DEVLG,fcs20
vfchost135,,13.13,12.798,0.332,733.685,48.737,PRD_DWA,fcs20
vfchost32,,0.997,0.823,0.174,19.101,17.448,PRD_TDCA,fcs6
vfchost50,,6.39,5.94,0.449,104.676,59.178,PRD_LDCA,fcs6
vfchost31,,15.969,0.238,15.73,4.712,575.336,PRD_TDCA,fcs7
vfchost11,,13.986,9.037,4.949,584.325,253.554,PRD_PRODC,fcs7
vfchost49,,0.934,0.362,0.572,13.555,48.337,PRD_LDCA,fcs7
vfchost99,,0.056,0.036,0.021,0.802,2.035,PRD_TDCA_FC,fcs23
vfchost69,,0.811,0.668,0.143,11.632,18.231,PRD_LINKA_FC,fcs23
vfchost114,,0.062,0.038,0.024,0.923,2.404,PRD_LDCA_FC,fcs23
vfchost104,,0.088,0.06,0.028,1.563,2.803,PRD_DEVA_FC,fcs23
vfchost124,,0.12,0.085,0.035,1.842,3.319,PRD_ALLENEDM_FC,fcs23
vfchost79,,0.126,0.091,0.035,2.234,3.637,PRD_PRODC_FC,fcs23
vfchost89,,0.049,0.03,0.019,0.612,1.894,PRD_PRODN_FC,fcs23
vfchost36,,0.491,0.291,0.2,9.415,14.031,PRD_KRAMER,fcs21
vfchost16,,1.713,0.667,1.046,41.326,138.253,PRD_WSA,fcs21
vfchost54,,0.463,0.314,0.15,5.225,10.558,PRD_DEVLG,fcs21
vfchost134,,0.448,0.259,0.189,9.364,11.656,PRD_DWA,fcs21
vfchost111,,0.042,0.039,0.003,0.313,0.339,PRD_OPRA_FC,fcs19
vfchost96,,5.442,5.429,0.013,23.813,1.616,PRD_ECOMMA_FC,fcs19
vfchost131,,0.482,0.471,0.01,4.006,1.515,PRD_AEDEV_FC,fcs19
vfchost76,,11.208,11.096,0.112,63.997,12.571,PRD_PRODA_FC,fcs19
vfchost141,,6.514,6.508,0.006,26.966,1.001,PRD_DWA_FC,fcs19
vfchost121,,0.355,0.347,0.008,3.368,1.294,PRD_DEVLG_FC,fcs19
vfchost86,,10.507,10.488,0.019,47.291,2.22,PRD_WSA_FC,fcs19
vfchost108,,0.04,0.024,0.016,0.428,1.441,PRD_OPRA_FC,fcs18
vfchost93,,0.061,0.037,0.024,0.889,2.567,PRD_ECOMMA_FC,fcs18
vfchost128,,0.092,0.062,0.03,1.32,2.812,PRD_AEDEV_FC,fcs18
vfchost73,,0.118,0.076,0.042,2.542,3.364,PRD_PRODA_FC,fcs18
vfchost138,,0.046,0.029,0.017,0.638,1.632,PRD_DWA_FC,fcs18
vfchost118,,0.08,0.057,0.024,1.343,2.196,PRD_DEVLG_FC,fcs18
vfchost83,,0.084,0.053,0.031,1.785,2.629,PRD_WSA_FC,fcs18
vfchost59,,6.267,0.74,5.528,18.825,229.918,PRD_ALLENEDM,fcs3
vfchost39,,7.799,2.155,5.645,24.192,212.448,PRD_DEVA,fcs3
vfchost1,,2.572,1.202,1.37,17.677,87.652,PRD_LINKA,fcs3
vfchost21,,1.427,0.442,0.985,6.634,57.787,PRD_PRODN,fcs3
vfchost60,,1.041,0.891,0.149,28.924,20.659,PRD_ALLENEDM,fcs2
vfchost40,,1.293,1.13,0.163,27.672,20.557,PRD_DEVA,fcs2
vfchost2,,2.858,1.319,1.539,44.425,275.183,PRD_LINKA,fcs2
vfchost22,,0.944,0.553,0.391,8.137,36.745,PRD_PRODN,fcs2
vfchost110,,0.043,0.04,0.003,0.32,0.344,PRD_OPRA_FC,fcs24
vfchost95,,5.499,5.485,0.014,24.065,1.652,PRD_ECOMMA_FC,fcs24
vfchost130,,0.515,0.505,0.011,4.196,1.561,PRD_AEDEV_FC,fcs24
vfchost75,,11.325,11.21,0.115,65.004,12.911,PRD_PRODA_FC,fcs24
vfchost140,,6.74,6.734,0.006,27.879,1.025,PRD_DWA_FC,fcs24
vfchost120,,0.36,0.352,0.008,3.408,1.319,PRD_DEVLG_FC,fcs24
vfchost85,,10.524,10.504,0.02,47.409,2.26,PRD_WSA_FC,fcs24
vfchost33,,0.981,0.802,0.179,19.08,18.17,PRD_TDCA,fcs13
vfchost13,,227.684,226.825,0.859,2927.259,90.538,PRD_PRODC,fcs13
vfchost51,,6.354,5.891,0.464,104.838,61.524,PRD_LDCA,fcs13
vfchost109,,0.041,0.025,0.016,0.438,1.468,PRD_OPRA_FC,fcs25
vfchost94,,0.062,0.038,0.024,0.897,2.63,PRD_ECOMMA_FC,fcs25
vfchost129,,0.095,0.064,0.03,1.34,2.875,PRD_AEDEV_FC,fcs25
vfchost74,,0.12,0.078,0.042,2.58,3.427,PRD_PRODA_FC,fcs25
vfchost139,,0.048,0.031,0.017,0.654,1.674,PRD_DWA_FC,fcs25
vfchost119,,0.083,0.059,0.024,1.37,2.264,PRD_DEVLG_FC,fcs25
vfchost84,,0.087,0.055,0.032,1.813,2.715,PRD_WSA_FC,fcs25
vfchost30,,16.006,0.225,15.782,4.705,578.054,PRD_TDCA,fcs12
vfchost10,,13.969,8.997,4.972,594.332,255.704,PRD_PRODC,fcs12
vfchost48,,0.929,0.349,0.579,13.644,49.459,PRD_LDCA,fcs12
vfchost12,,247.322,246.452,0.87,3077.344,91.044,PRD_PRODC,fcs4
vfchost45,,0.002,0.0,0.002,0.201,0.237,PRD_OPRA,fcs4
vfchost65,,0.076,0.072,0.004,17.928,0.755,PRD_AEDEV,fcs4
vfchost7,,39.738,36.532,3.205,1111.248,334.919,PRD_PRODA,fcs4
vfchost27,,3.357,2.901,0.456,39.088,51.36,PRD_ECOMMA,fcs4
vfchost44,,0.405,0.237,0.169,5.643,14.257,PRD_OPRA,fcs5
vfchost64,,0.921,0.63,0.291,44.156,25.838,PRD_AEDEV,fcs5
vfchost6,,3.833,1.685,2.148,48.434,134.295,PRD_PRODA,fcs5
vfchost26,,1.785,0.738,1.047,14.501,62.798,PRD_ECOMMA,fcs5
vfchost98,,0.055,0.034,0.02,0.789,1.976,PRD_TDCA_FC,fcs16
vfchost68,,0.784,0.645,0.139,11.321,17.666,PRD_LINKA_FC,fcs16
vfchost113,,0.06,0.037,0.024,0.911,2.334,PRD_LDCA_FC,fcs16
vfchost103,,0.085,0.058,0.027,1.526,2.723,PRD_DEVA_FC,fcs16
vfchost123,,0.117,0.083,0.034,1.807,3.236,PRD_ALLENEDM_FC,fcs16
vfchost78,,0.123,0.089,0.034,2.191,3.541,PRD_PRODC_FC,fcs16
vfchost88,,0.048,0.029,0.019,0.603,1.851,PRD_PRODN_FC,fcs16
vfchost35,,0.471,0.275,0.196,9.071,13.672,PRD_KRAMER,fcs14
vfchost15,,1.665,0.639,1.026,40.365,135.052,PRD_WSA,fcs14
vfchost53,,0.432,0.286,0.146,5.016,10.256,PRD_DEVLG,fcs14
vfchost133,,0.432,0.248,0.185,9.115,11.343,PRD_DWA,fcs14
vfchost101,,1.719,1.712,0.007,8.539,1.129,PRD_TDCA_FC,fcs17
vfchost71,,3.709,3.57,0.139,76.42,22.447,PRD_LINKA_FC,fcs17
vfchost116,,6.601,6.591,0.009,28.276,1.343,PRD_LDCA_FC,fcs17
vfchost106,,1.469,1.457,0.012,8.818,1.626,PRD_DEVA_FC,fcs17
vfchost126,,1.825,1.807,0.018,10.533,2.225,PRD_ALLENEDM_FC,fcs17
vfchost81,,2.006,1.99,0.017,13.923,2.429,PRD_PRODC_FC,fcs17
vfchost91,,1.328,1.32,0.009,6.207,1.214,PRD_PRODN_FC,fcs17
vfchost18,,20.238,19.107,1.131,384.393,144.827,PRD_WSA,fcs15
vfchost56,,0.021,0.007,0.014,1.493,2.282,PRD_DEVLG,fcs15
vfchost136,,12.985,12.659,0.326,721.199,47.692,PRD_DWA,fcs15
vfchost58,,6.318,0.721,5.597,19.113,234.587,PRD_ALLENEDM,fcs8
vfchost38,,7.79,2.104,5.686,24.268,215.204,PRD_DEVA,fcs8
vfchost0,,2.569,1.172,1.397,17.823,90.905,PRD_LINKA,fcs8
vfchost20,,1.426,0.426,0.999,6.68,59.499,PRD_PRODN,fcs8
vfchost61,,1.034,0.879,0.155,29.253,21.786,PRD_ALLENEDM,fcs9
vfchost41,,1.296,1.125,0.171,27.822,21.727,PRD_DEVA,fcs9
vfchost3,,2.936,1.312,1.624,45.293,292.471,PRD_LINKA,fcs9
vfchost23,,0.95,0.546,0.405,8.125,38.717,PRD_PRODN,fcs9
vfchost112,,0.191,0.0,0.191,0.005,0.808,PRD_OPRA_FC,fcs1
vfchost102,,6.849,0.0,6.849,0.007,27.863,PRD_TDCA_FC,fcs1
vfchost34,,2.114,0.023,2.09,0.105,8.522,PRD_TDCA,fcs1
vfchost117,,0.0,0.0,0.0,0.0,0.0,PRD_LDCA_FC,fcs1
vfchost97,,0.0,0.0,0.0,0.0,0.0,PRD_ECOMMA_FC,fcs1
vfchost42,,7.352,0.0,7.352,0.013,29.909,PRD_DEVA,fcs1
vfchost14,,5.04,0.0,5.04,0.011,20.515,PRD_PRODC,fcs1
vfchost132,,1.862,0.0,1.862,0.011,7.6,PRD_AEDEV_FC,fcs1
vfchost47,,0.0,0.0,0.0,0.0,0.0,PRD_OPRA,fcs1
vfchost57,,0.0,0.0,0.0,0.0,0.0,PRD_DEVLG,fcs1
vfchost9,,0.0,0.0,0.0,0.0,0.0,PRD_PRODA,fcs1
vfchost77,,0.0,0.0,0.0,0.0,0.0,PRD_PRODA_FC,fcs1
vfchost122,,1.338,0.0,1.338,0.009,5.473,PRD_DEVLG_FC,fcs1
vfchost52,,2.525,0.001,2.524,0.014,10.289,PRD_LDCA,fcs1
vfchost127,,0.0,0.0,0.0,0.0,0.0,PRD_ALLENEDM_FC,fcs1
vfchost29,,0.0,0.0,0.0,0.0,0.0,PRD_ECOMMA,fcs1
vfchost82,,7.799,0.0,7.799,0.019,31.732,PRD_PRODC_FC,fcs1
vfchost37,,0.573,0.0,0.573,0.002,2.452,PRD_KRAMER,fcs0
vfchost72,,0.0,0.0,0.0,0.0,0.0,PRD_LINKA_FC,fcs0
vfchost19,,5.303,0.023,5.28,0.102,21.483,PRD_WSA,fcs0
vfchost62,,0.0,0.0,0.0,0.0,0.0,PRD_ALLENEDM,fcs0
vfchost4,,0.0,0.0,0.0,0.0,0.0,PRD_LINKA,fcs0
vfchost67,,0.52,0.0,0.52,0.015,2.151,PRD_AEDEV,fcs0
vfchost137,,0.64,0.0,0.64,0.006,2.629,PRD_DWA,fcs0
vfchost107,,5.719,0.0,5.719,0.012,23.247,PRD_DEVA_FC,fcs0
vfchost24,,0.0,0.0,0.0,0.0,0.0,PRD_PRODN,fcs0
vfchost142,,0.0,0.0,0.0,0.0,0.0,PRD_DWA_FC,fcs0
vfchost87,,41.353,0.0,41.353,0.006,168.072,PRD_WSA_FC,fcs0
vfchost92,,0.0,0.0,0.0,0.0,0.0,PRD_PRODN_FC,fcs0
vfchost46,,0.002,0.0,0.002,0.201,0.243,PRD_OPRA,fcs11
vfchost66,,0.078,0.074,0.004,18.349,0.769,PRD_AEDEV,fcs11
vfchost8,,39.733,36.455,3.278,1115.68,348.43,PRD_PRODA,fcs11
vfchost28,,3.356,2.888,0.468,39.098,53.31,PRD_ECOMMA,fcs11
vfchost43,,0.398,0.225,0.173,5.694,14.719,PRD_OPRA,fcs10
vfchost63,,0.927,0.632,0.295,45.248,26.532,PRD_AEDEV,fcs10
vfchost5,,3.839,1.652,2.187,49.113,138.616,PRD_PRODA,fcs10
vfchost25,,1.772,0.709,1.063,14.549,64.578,PRD_ECOMMA,fcs10
vfchost100,,1.733,1.726,0.007,8.612,1.168,PRD_TDCA_FC,fcs22
vfchost70,,3.753,3.611,0.142,77.737,23.016,PRD_LINKA_FC,fcs22
vfchost115,,6.651,6.641,0.01,28.5,1.377,PRD_LDCA_FC,fcs22
vfchost105,,1.514,1.502,0.012,9.053,1.664,PRD_DEVA_FC,fcs22
vfchost125,,1.868,1.85,0.019,10.787,2.294,PRD_ALLENEDM_FC,fcs22
vfchost80,,2.04,2.023,0.017,14.141,2.496,PRD_PRODC_FC,fcs22
vfchost90,,1.366,1.357,0.009,6.371,1.248,PRD_PRODN_FC,fcs22
SLO1080VIOS2, , , , , , , , 
vfchost60,,0.981,0.843,0.139,28.552,18.979,PRD_ALLENEDM,fcs2
vfchost40,,1.256,1.108,0.148,27.341,18.425,PRD_DEVA,fcs2
vfchost2,,2.685,1.272,1.413,43.237,251.079,PRD_LINKA,fcs2
vfchost22,,0.882,0.532,0.35,7.925,32.857,PRD_PRODN,fcs2
vfchost44,,0.349,0.2,0.149,5.296,12.452,PRD_OPRA,fcs5
vfchost64,,0.863,0.591,0.272,42.354,23.609,PRD_AEDEV,fcs5
vfchost6,,3.491,1.516,1.975,45.282,118.948,PRD_PRODA,fcs5
vfchost26,,1.609,0.648,0.96,13.58,56.04,PRD_ECOMMA,fcs5
vfchost59,,5.845,0.674,5.171,18.159,211.202,PRD_ALLENEDM,fcs3
vfchost39,,7.376,2.026,5.35,23.014,198.511,PRD_DEVA,fcs3
vfchost1,,2.358,1.101,1.257,16.442,77.551,PRD_LINKA,fcs3
vfchost21,,1.301,0.392,0.909,6.135,51.658,PRD_PRODN,fcs3
vfchost45,,0.002,0.0,0.002,0.199,0.224,PRD_OPRA,fcs4
vfchost65,,0.074,0.07,0.004,17.638,0.73,PRD_AEDEV,fcs4
vfchost7,,38.53,35.577,2.954,1097.907,304.76,PRD_PRODA,fcs4
vfchost27,,3.237,2.828,0.409,37.706,45.691,PRD_ECOMMA,fcs4
vfchost35,,0.466,0.277,0.189,9.094,13.073,PRD_KRAMER,fcs14
vfchost15,,1.545,0.612,0.933,38.002,119.918,PRD_WSA,fcs14
vfchost53,,0.403,0.27,0.133,4.887,9.268,PRD_DEVLG,fcs14
vfchost133,,0.417,0.244,0.172,9.007,10.377,PRD_DWA,fcs14
vfchost110,,0.041,0.038,0.003,0.307,0.326,PRD_OPRA_FC,fcs24
vfchost95,,5.392,5.38,0.013,23.595,1.564,PRD_ECOMMA_FC,fcs24
vfchost130,,0.443,0.433,0.01,3.821,1.472,PRD_AEDEV_FC,fcs24
vfchost75,,11.125,11.017,0.109,63.109,12.186,PRD_PRODA_FC,fcs24
vfchost140,,5.927,5.921,0.006,24.604,0.972,PRD_DWA_FC,fcs24
vfchost120,,0.349,0.342,0.007,3.315,1.248,PRD_DEVLG_FC,fcs24
vfchost125,,1.776,1.759,0.017,10.329,2.176,PRD_ALLENEDM_FC,fcs24
vfchost85,,10.472,10.454,0.019,47.139,2.182,PRD_WSA_FC,fcs24
vfchost18,,20.012,18.948,1.064,377.472,135.165,PRD_WSA,fcs15
vfchost56,,0.02,0.007,0.013,1.474,2.113,PRD_DEVLG,fcs15
vfchost136,,12.857,12.545,0.312,702.76,45.462,PRD_DWA,fcs15
vfchost33,,0.959,0.792,0.166,18.858,16.71,PRD_TDCA,fcs13
vfchost13,,214.906,214.104,0.802,2800.663,83.883,PRD_PRODC,fcs13
vfchost51,,6.299,5.86,0.439,103.842,57.613,PRD_LDCA,fcs13
vfchost101,,1.724,1.717,0.007,8.566,1.108,PRD_TDCA_FC,fcs17
vfchost71,,3.686,3.551,0.135,75.242,21.801,PRD_LINKA_FC,fcs17
vfchost116,,6.611,6.602,0.009,28.311,1.298,PRD_LDCA_FC,fcs17
vfchost106,,1.452,1.44,0.012,8.723,1.582,PRD_DEVA_FC,fcs17
vfchost126,,1.807,1.79,0.017,10.448,2.175,PRD_ALLENEDM_FC,fcs17
vfchost81,,1.996,1.98,0.016,13.807,2.325,PRD_PRODC_FC,fcs17
vfchost91,,1.313,1.304,0.008,6.137,1.159,PRD_PRODN_FC,fcs17
vfchost30,,15.241,0.221,15.021,4.542,546.353,PRD_TDCA,fcs12
vfchost10,,13.244,8.553,4.69,564.192,238.551,PRD_PRODC,fcs12
vfchost48,,0.871,0.338,0.533,13.085,44.016,PRD_LDCA,fcs12
vfchost98,,0.052,0.034,0.019,0.77,1.772,PRD_TDCA_FC,fcs16
vfchost68,,0.767,0.639,0.129,11.036,16.11,PRD_LINKA_FC,fcs16
vfchost113,,0.057,0.036,0.022,0.885,2.096,PRD_LDCA_FC,fcs16
vfchost103,,0.082,0.057,0.025,1.5,2.435,PRD_DEVA_FC,fcs16
vfchost123,,0.113,0.081,0.032,1.76,2.909,PRD_ALLENEDM_FC,fcs16
vfchost78,,0.119,0.088,0.031,2.136,3.16,PRD_PRODC_FC,fcs16
vfchost88,,0.045,0.029,0.017,0.581,1.64,PRD_PRODN_FC,fcs16
vfchost109,,0.037,0.022,0.014,0.411,1.265,PRD_OPRA_FC,fcs25
vfchost94,,0.057,0.035,0.022,0.858,2.303,PRD_ECOMMA_FC,fcs25
vfchost129,,0.088,0.06,0.027,1.28,2.511,PRD_AEDEV_FC,fcs25
vfchost74,,0.112,0.074,0.039,2.465,3.064,PRD_PRODA_FC,fcs25
vfchost139,,0.043,0.028,0.015,0.621,1.467,PRD_DWA_FC,fcs25
vfchost119,,0.077,0.055,0.022,1.313,1.99,PRD_DEVLG_FC,fcs25
vfchost84,,0.081,0.052,0.029,1.75,2.424,PRD_WSA_FC,fcs25
vfchost37,,0.0,0.0,0.0,0.0,0.0,PRD_KRAMER,fcs1
vfchost72,,14.581,0.0,14.581,0.112,59.365,PRD_LINKA_FC,fcs1
vfchost19,,0.0,0.0,0.0,0.0,0.0,PRD_WSA,fcs1
vfchost62,,2.53,0.0,2.53,0.025,10.324,PRD_ALLENEDM,fcs1
vfchost4,,3.787,0.0,3.787,0.012,15.42,PRD_LINKA,fcs1
vfchost67,,0.0,0.0,0.0,0.0,0.0,PRD_AEDEV,fcs1
vfchost137,,0.0,0.0,0.0,0.0,0.0,PRD_DWA,fcs1
vfchost107,,0.0,0.0,0.0,0.0,0.0,PRD_DEVA_FC,fcs1
vfchost24,,1.433,0.0,1.433,0.011,5.858,PRD_PRODN,fcs1
vfchost142,,24.913,0.0,24.913,0.005,101.265,PRD_DWA_FC,fcs1
vfchost87,,0.0,0.0,0.0,0.0,0.0,PRD_WSA_FC,fcs1
vfchost92,,5.194,0.0,5.194,0.007,21.138,PRD_PRODN_FC,fcs1
vfchost112,,0.0,0.0,0.0,0.0,0.0,PRD_OPRA_FC,fcs0
vfchost102,,0.0,0.0,0.0,0.0,0.0,PRD_TDCA_FC,fcs0
vfchost34,,0.0,0.0,0.0,0.0,0.0,PRD_TDCA,fcs0
vfchost117,,26.381,0.0,26.381,0.008,107.23,PRD_LDCA_FC,fcs0
vfchost97,,21.518,0.0,21.518,0.012,87.474,PRD_ECOMMA_FC,fcs0
vfchost42,,0.0,0.0,0.0,0.0,0.0,PRD_DEVA,fcs0
vfchost14,,0.0,0.0,0.0,0.0,0.0,PRD_PRODC,fcs0
vfchost132,,0.0,0.0,0.0,0.0,0.0,PRD_AEDEV_FC,fcs0
vfchost47,,0.632,0.0,0.632,0.008,2.601,PRD_OPRA,fcs0
vfchost57,,0.841,0.0,0.841,0.008,3.449,PRD_DEVLG,fcs0
vfchost9,,6.1,0.117,5.983,0.494,24.348,PRD_PRODA,fcs0
vfchost77,,41.523,0.0,41.523,0.009,168.763,PRD_PRODA_FC,fcs0
vfchost122,,0.0,0.0,0.0,0.0,0.0,PRD_DEVLG_FC,fcs0
vfchost52,,0.0,0.0,0.0,0.0,0.0,PRD_LDCA,fcs0
vfchost127,,7.096,0.0,7.096,0.013,28.869,PRD_ALLENEDM_FC,fcs0
vfchost29,,2.002,0.0,2.002,0.009,8.166,PRD_ECOMMA,fcs0
vfchost82,,0.0,0.0,0.0,0.0,0.0,PRD_PRODC_FC,fcs0
vfchost31,,15.029,0.205,14.824,4.37,537.963,PRD_TDCA,fcs7
vfchost11,,12.594,8.04,4.553,528.26,230.048,PRD_PRODC,fcs7
vfchost49,,0.839,0.32,0.518,12.598,42.201,PRD_LDCA,fcs7
vfchost32,,0.926,0.766,0.16,18.542,15.905,PRD_TDCA,fcs6
vfchost12,,189.345,188.597,0.748,2566.844,77.329,PRD_PRODC,fcs6
vfchost50,,6.193,5.772,0.42,101.961,54.693,PRD_LDCA,fcs6
vfchost43,,0.368,0.213,0.155,5.498,13.048,PRD_OPRA,fcs10
vfchost63,,0.896,0.616,0.28,44.161,24.537,PRD_AEDEV,fcs10
vfchost5,,3.632,1.597,2.035,47.262,124.535,PRD_PRODA,fcs10
vfchost25,,1.674,0.686,0.988,14.109,58.496,PRD_ECOMMA,fcs10
vfchost111,,0.042,0.039,0.003,0.31,0.326,PRD_OPRA_FC,fcs19
vfchost96,,5.436,5.423,0.013,23.772,1.563,PRD_ECOMMA_FC,fcs19
vfchost131,,0.467,0.457,0.01,3.917,1.469,PRD_AEDEV_FC,fcs19
vfchost76,,11.193,11.084,0.109,63.431,12.241,PRD_PRODA_FC,fcs19
vfchost141,,6.051,6.045,0.006,25.096,0.959,PRD_DWA_FC,fcs19
vfchost121,,0.352,0.344,0.007,3.32,1.238,PRD_DEVLG_FC,fcs19
vfchost86,,10.461,10.443,0.019,47.046,2.145,PRD_WSA_FC,fcs19
vfchost17,,19.976,18.884,1.092,383.463,139.267,PRD_WSA,fcs20
vfchost55,,0.02,0.007,0.014,1.498,2.191,PRD_DEVLG,fcs20
vfchost135,,13.013,12.692,0.322,737.494,47.095,PRD_DWA,fcs20
vfchost36,,0.46,0.269,0.191,9.221,13.339,PRD_KRAMER,fcs21
vfchost16,,1.571,0.612,0.959,39.002,123.942,PRD_WSA,fcs21
vfchost54,,0.395,0.259,0.137,4.935,9.544,PRD_DEVLG,fcs21
vfchost134,,0.416,0.241,0.176,9.164,10.662,PRD_DWA,fcs21
vfchost99,,0.052,0.033,0.019,0.776,1.817,PRD_TDCA_FC,fcs23
vfchost69,,0.758,0.627,0.131,11.108,16.355,PRD_LINKA_FC,fcs23
vfchost114,,0.057,0.035,0.022,0.889,2.134,PRD_LDCA_FC,fcs23
vfchost104,,0.082,0.056,0.025,1.505,2.461,PRD_DEVA_FC,fcs23
vfchost124,,0.112,0.08,0.032,1.767,2.941,PRD_ALLENEDM_FC,fcs23
vfchost79,,0.119,0.087,0.032,2.162,3.247,PRD_PRODC_FC,fcs23
vfchost89,,0.045,0.028,0.017,0.581,1.659,PRD_PRODN_FC,fcs23
vfchost100,,1.716,1.71,0.007,8.538,1.123,PRD_TDCA_FC,fcs22
vfchost70,,3.685,3.548,0.137,75.839,22.111,PRD_LINKA_FC,fcs22
vfchost115,,6.589,6.58,0.009,28.231,1.319,PRD_LDCA_FC,fcs22
vfchost105,,1.422,1.41,0.012,8.612,1.589,PRD_DEVA_FC,fcs22
vfchost80,,1.98,1.964,0.016,13.803,2.379,PRD_PRODC_FC,fcs22
vfchost90,,1.29,1.282,0.008,6.048,1.169,PRD_PRODN_FC,fcs22
vfchost108,,0.038,0.023,0.014,0.423,1.262,PRD_OPRA_FC,fcs18
vfchost93,,0.058,0.036,0.022,0.86,2.279,PRD_ECOMMA_FC,fcs18
vfchost128,,0.089,0.061,0.027,1.283,2.496,PRD_AEDEV_FC,fcs18
vfchost73,,0.113,0.075,0.038,2.45,3.036,PRD_PRODA_FC,fcs18
vfchost138,,0.044,0.029,0.015,0.63,1.442,PRD_DWA_FC,fcs18
vfchost118,,0.077,0.056,0.022,1.312,1.961,PRD_DEVLG_FC,fcs18
vfchost83,,0.081,0.052,0.029,1.742,2.398,PRD_WSA_FC,fcs18
vfchost58,,5.99,0.704,5.286,18.812,217.887,PRD_ALLENEDM,fcs8
vfchost38,,7.536,2.092,5.444,23.825,203.559,PRD_DEVA,fcs8
vfchost0,,2.453,1.15,1.303,17.178,82.09,PRD_LINKA,fcs8
vfchost20,,1.347,0.413,0.934,6.409,54.07,PRD_PRODN,fcs8
vfchost46,,0.002,0.0,0.002,0.199,0.233,PRD_OPRA,fcs11
vfchost66,,0.077,0.074,0.004,18.308,0.758,PRD_AEDEV,fcs11
vfchost8,,39.297,36.199,3.098,1111.709,326.941,PRD_PRODA,fcs11
vfchost28,,3.301,2.868,0.433,38.376,49.286,PRD_ECOMMA,fcs11
vfchost61,,1.02,0.874,0.146,29.446,20.468,PRD_ALLENEDM,fcs9
vfchost41,,1.28,1.122,0.158,27.768,20.015,PRD_DEVA,fcs9
vfchost3,,2.815,1.301,1.514,44.488,271.353,PRD_LINKA,fcs9
vfchost23,,0.912,0.544,0.369,8.078,35.45,PRD_PRODN,fcs9