Partitions and VIOSs,Traffic trends,OS type,Traffic,Sent Packets,Received Packets,Sent,Received,Logical port location code,Physical port label,Port sub-label,Physical port ID,Capacity,Virtual NIC backing device
SLO1080VIOS1, , ,0.000, , ,0.000,0.000,U78CD.001.FZHFZ64-P1-C1-T1-S11, , , , ,true
SLO1080VIOS1, , ,0.000, , ,0.000,0.000,U78CD.001.FZHFZ64-P1-C1-T1-S15, , , , ,true
SLO1080VIOS1, , ,0.000, , ,0.000,0.000,U78CD.001.FZHFZ64-P1-C1-T1-S16, , , , ,true
SLO1080VIOS1, , ,0.000, , ,0.000,0.000,U78CD.001.FZHFZ64-P1-C1-T1-S19, , , , ,true
SLO1080VIOS1, , ,1.088,774.702,106.902,1.054,0.034,U78CD.001.FZHFZ64-P1-C1-T1-S20, , , , ,true
SLO1080VIOS1, , ,0.000, , ,0.000,0.000,U78CD.001.FZHFZ64-P1-C1-T1-S23, , , , ,true
SLO1080VIOS1, , ,0.000, , ,0.000,0.000,U78CD.001.FZHFZ64-P1-C1-T1-S26, , , , ,true
SLO1080VIOS1, , ,0.119,12.873,86.597,0.003,0.116,U78CD.001.FZHFZ64-P1-C1-T1-S28, , , , ,true
SLO1080VIOS1, , ,0.000, , ,0.000,0.000,U78CD.001.FZHFZ64-P1-C1-T1-S31, , , , ,true
SLO1080VIOS1, , ,0.000, , ,0.000,0.000,U78CD.001.FZHFZ64-P1-C1-T1-S35, , , , ,true
SLO1080VIOS1, , ,0.000, , ,0.000,0.000,U78CD.001.FZHFZ64-P1-C1-T1-S39, , , , ,true
SLO1080VIOS1, , ,0.004,2.405,3.862,0.001,0.003,U78CD.001.FZHFZ64-P1-C1-T1-S41, , , , ,true
SLO1080VIOS1, , ,0.000, , ,0.000,0.000,U78CD.001.FZHFZ64-P1-C1-T1-S5, , , , ,true
SLO1080VIOS1, , ,0.000, , ,0.000,0.000,U78CD.001.FZHFZ64-P1-C1-T1-S54, , , , ,true
SLO1080VIOS1, , ,0.200,236.692,176.584,0.167,0.033,U78CD.001.FZHFZ64-P1-C1-T1-S7, , , , ,true
SLO1080VIOS1, , ,0.002,1.701,2.148,0.002,0.000,U78CD.001.FZHFZ64-P1-C1-T0-S1, , , , , 
SLO1080VIOS1, , ,0.000, , ,0.000,0.000,U78CD.001.FZHFZ64-P1-C1-T0-S10, , , , ,true
SLO1080VIOS1, , ,0.000, , ,0.000,0.000,U78CD.001.FZHFZ64-P1-C1-T0-S12, , , , ,true
SLO1080VIOS1, , ,0.000, , ,0.000,0.000,U78CD.001.FZHFZ64-P1-C1-T0-S13, , , , ,true
SLO1080VIOS1, , ,0.007,7.859,10.336,0.006,0.002,U78CD.001.FZHFZ64-P1-C1-T0-S14, , , , ,true
SLO1080VIOS1, , ,0.000, , ,0.000,0.000,U78CD.001.FZHFZ64-P1-C1-T0-S17, , , , ,true
SLO1080VIOS1, , ,0.000, , ,0.000,0.000,U78CD.001.FZHFZ64-P1-C1-T0-S18, , , , ,true
SLO1080VIOS1, , ,0.000, , ,0.000,0.000,U78CD.001.FZHFZ64-P1-C1-T0-S21, , , , ,true
SLO1080VIOS1, , ,0.000, , ,0.000,0.000,U78CD.001.FZHFZ64-P1-C1-T0-S22, , , , ,true
SLO1080VIOS1, , ,0.015,12.683,13.463,0.006,0.009,U78CD.001.FZHFZ64-P1-C1-T0-S24, , , , ,true
SLO1080VIOS1, , ,0.000, , ,0.000,0.000,U78CD.001.FZHFZ64-P1-C1-T0-S25, , , , ,true
SLO1080VIOS1, , ,0.019,17.251,15.68,0.009,0.011,U78CD.001.FZHFZ64-P1-C1-T0-S3, , , , ,true
SLO1080VIOS1, , ,0.033,26.577,23.191,0.029,0.004,U78CD.001.FZHFZ64-P1-C1-T0-S30, , , , ,true
SLO1080VIOS1, , ,0.000, , ,0.000,0.000,U78CD.001.FZHFZ64-P1-C1-T0-S34, , , , ,true
SLO1080VIOS1, , ,0.000, , ,0.000,0.000,U78CD.001.FZHFZ64-P1-C1-T0-S38, , , , ,true
SLO1080VIOS1, , ,0.010,12.023,14.12,0.008,0.002,U78CD.001.FZHFZ64-P1-C1-T0-S4, , , , ,true
SLO1080VIOS1, , ,0.000, , ,0.000,0.000,U78CD.001.FZHFZ64-P1-C1-T0-S40, , , , ,true
SLO1080VIOS1, , ,0.000, , ,0.000,0.000,U78CD.001.FZHFZ64-P1-C1-T0-S46, , , , ,true
SLO1080VIOS1, , ,0.000, , ,0.000,0.000,U78CD.001.FZHFZ64-P1-C1-T0-S48, , , , ,true
SLO1080VIOS1, , ,0.015,12.161,9.458,0.011,0.003,U78CD.001.FZHFZ64-P1-C1-T0-S50, , , , ,true
SLO1080VIOS1, , ,0.000, , ,0.000,0.000,U78CD.001.FZHFZ64-P1-C1-T0-S53, , , , ,true
SLO1080VIOS1, , ,0.000, , ,0.000,0.000,U78CD.001.FZHFZ64-P1-C1-T0-S56, , , , ,true
SLO1080VIOS1, , ,0.000, , ,0.000,0.000,U78CD.001.FZHFZ64-P1-C1-T0-S58, , , , ,true
SLO1080VIOS1, , ,0.000, , ,0.000,0.000,U78CD.001.FZHFZ64-P1-C1-T0-S6, , , , ,true
SLO1080VIOS1, , ,0.000, , ,0.000,0.000,U78CD.001.FZHFZ64-P1-C1-T0-S60, , , , ,true
SLO1080VIOS1, , ,0.015,14.071,15.118,0.005,0.010,U78CD.001.FZHFZ64-P1-C1-T0-S62, , , , ,true
SLO1080VIOS1, , ,0.000, , ,0.000,0.000,U78CD.001.FZHFZ64-P1-C1-T0-S64, , , , ,true
SLO1080VIOS1, , ,0.000, , ,0.000,0.000,U78CD.001.FZHFZ64-P1-C1-T0-S66, , , , ,true
SLO1080VIOS1, , ,0.000, , ,0.000,0.000,U78CD.001.FZHFZ64-P1-C1-T0-S68, , , , ,true
SLO1080VIOS1, , ,0.022,19.131,14.093,0.020,0.002,U78CD.001.FZHFZ64-P1-C1-T0-S9, , , , ,true
SLO1080VIOS1, , ,0.133,100.308,23.795,0.126,0.007,U78CD.001.FZHFZ39-P1-C1-T0-S10, , , , ,true
SLO1080VIOS1, , ,0.217,233.853,160.291,0.154,0.063,U78CD.001.FZHFZ39-P1-C1-T0-S14, , , , ,true
SLO1080VIOS1, , ,0.000, , ,0.000,0.000,U78CD.001.FZHFZ39-P1-C1-T0-S15, , , , ,true
SLO1080VIOS1, , ,0.000, , ,0.000,0.000,U78CD.001.FZHFZ39-P1-C1-T0-S18, , , , ,true
SLO1080VIOS1, , ,0.000, , ,0.000,0.000,U78CD.001.FZHFZ39-P1-C1-T0-S19, , , , ,true
SLO1080VIOS1, , ,0.000, , ,0.000,0.000,U78CD.001.FZHFZ39-P1-C1-T0-S22, , , , ,true
SLO1080VIOS1, , ,0.000, , ,0.000,0.000,U78CD.001.FZHFZ39-P1-C1-T0-S25, , , , ,true
SLO1080VIOS1, , ,0.000, , ,0.000,0.000,U78CD.001.FZHFZ39-P1-C1-T0-S27, , , , ,true
SLO1080VIOS1, , ,0.049,72.493,62.354,0.027,0.021,U78CD.001.FZHFZ39-P1-C1-T0-S30, , , , ,true
SLO1080VIOS1, , ,0.000, , ,0.000,0.000,U78CD.001.FZHFZ39-P1-C1-T0-S34, , , , ,true
SLO1080VIOS1, , ,0.000, , ,0.000,0.000,U78CD.001.FZHFZ39-P1-C1-T0-S38, , , , ,true
SLO1080VIOS1, , ,0.304,480.017,334.375,0.232,0.072,U78CD.001.FZHFZ39-P1-C1-T0-S4, , , , ,true
SLO1080VIOS1, , ,0.000, , ,0.000,0.000,U78CD.001.FZHFZ39-P1-C1-T0-S40, , , , ,true
SLO1080VIOS1, , ,0.000, , ,0.000,0.000,U78CD.001.FZHFZ39-P1-C1-T0-S53, , , , ,true
SLO1080VIOS1, , ,0.000, , ,0.000,0.000,U78CD.001.FZHFZ39-P1-C1-T0-S6, , , , ,true
SLO1080VIOS1, , ,0.000, , ,0.000,0.000,U78CD.001.FZHFZ39-P1-C1-T1-S11, , , , ,true
SLO1080VIOS1, , ,0.000, , ,0.000,0.000,U78CD.001.FZHFZ39-P1-C1-T1-S12, , , , ,true
SLO1080VIOS1, , ,0.000, , ,0.000,0.000,U78CD.001.FZHFZ39-P1-C1-T1-S13, , , , ,true
SLO1080VIOS1, , ,0.007,8.057,9.128,0.005,0.002,U78CD.001.FZHFZ39-P1-C1-T1-S16, , , , ,true
SLO1080VIOS1, , ,0.000, , ,0.000,0.000,U78CD.001.FZHFZ39-P1-C1-T1-S17, , , , ,true
SLO1080VIOS1, , ,0.000, , ,0.000,0.000,U78CD.001.FZHFZ39-P1-C1-T1-S2, , , , ,true
SLO1080VIOS1, , ,0.000, , ,0.000,0.000,U78CD.001.FZHFZ39-P1-C1-T1-S20, , , , ,true
SLO1080VIOS1, , ,0.000, , ,0.000,0.000,U78CD.001.FZHFZ39-P1-C1-T1-S21, , , , ,true
SLO1080VIOS1, , ,0.000, , ,0.000,0.000,U78CD.001.FZHFZ39-P1-C1-T1-S23, , , , ,true
SLO1080VIOS1, , ,0.005,4.574,9.133,0.004,0.001,U78CD.001.FZHFZ39-P1-C1-T1-S24, , , , ,true
SLO1080VIOS1, , ,0.000, , ,0.000,0.000,U78CD.001.FZHFZ39-P1-C1-T1-S29, , , , ,true
SLO1080VIOS1, , ,0.000, , ,0.000,0.000,U78CD.001.FZHFZ39-P1-C1-T1-S3, , , , ,true
SLO1080VIOS1, , ,0.000, , ,0.000,0.000,U78CD.001.FZHFZ39-P1-C1-T1-S33, , , , ,true
SLO1080VIOS1, , ,0.000, , ,0.000,0.000,U78CD.001.FZHFZ39-P1-C1-T1-S37, , , , ,true
SLO1080VIOS1, , ,0.023,18.495,12.6,0.019,0.004,U78CD.001.FZHFZ39-P1-C1-T1-S39, , , , ,true
SLO1080VIOS1, , ,0.000, , ,0.000,0.000,U78CD.001.FZHFZ39-P1-C1-T1-S45, , , , ,true
SLO1080VIOS1, , ,0.016,14.261,16.307,0.005,0.011,U78CD.001.FZHFZ39-P1-C1-T1-S47, , , , ,true
SLO1080VIOS1, , ,0.000, , ,0.000,0.000,U78CD.001.FZHFZ39-P1-C1-T1-S49, , , , ,true
SLO1080VIOS1, , ,0.010,14.663,15.604,0.007,0.003,U78CD.001.FZHFZ39-P1-C1-T1-S5, , , , ,true
SLO1080VIOS1, , ,0.000, , ,0.000,0.000,U78CD.001.FZHFZ39-P1-C1-T1-S52, , , , ,true
SLO1080VIOS1, , ,0.000, , ,0.000,0.000,U78CD.001.FZHFZ39-P1-C1-T1-S55, , , , ,true
SLO1080VIOS1, , ,0.000, , ,0.000,0.000,U78CD.001.FZHFZ39-P1-C1-T1-S57, , , , ,true
SLO1080VIOS1, , ,0.019,16.215,15.244,0.008,0.011,U78CD.001.FZHFZ39-P1-C1-T1-S59, , , , ,true
SLO1080VIOS1, , ,0.000, , ,0.000,0.000,U78CD.001.FZHFZ39-P1-C1-T1-S61, , , , ,true
SLO1080VIOS1, , ,0.000, , ,0.000,0.000,U78CD.001.FZHFZ39-P1-C1-T1-S63, , , , ,true
SLO1080VIOS1, , ,0.000, , ,0.000,0.000,U78CD.001.FZHFZ39-P1-C1-T1-S65, , , , ,true
SLO1080VIOS1, , ,0.015,14.327,14.815,0.005,0.010,U78CD.001.FZHFZ39-P1-C1-T1-S67, , , , ,true
SLO1080VIOS1, , ,0.000, , ,0.000,0.000,U78CD.001.FZHFZ39-P1-C1-T1-S8, , , , ,true
SLO1080VIOS1, , ,0.000, , ,0.000,0.000,U78CD.001.FZHFZ39-P1-C1-T1-S9, , , , ,true
SLO1080VIOS2, , ,0.000,0.008,0.053,0.000,0.000,U78CD.001.FZHFZ34-P1-C1-T1-S10, , , , ,true
SLO1080VIOS2, , ,0.000,0.033,0.082,0.000,0.000,U78CD.001.FZHFZ34-P1-C1-T1-S14, , , , ,true
SLO1080VIOS2, , ,0.001,1.263,2.192,0.000,0.000,U78CD.001.FZHFZ34-P1-C1-T1-S15, , , , ,true
SLO1080VIOS2, , ,0.486,709.377,496.946,0.326,0.159,U78CD.001.FZHFZ34-P1-C1-T1-S18, , , , ,true
SLO1080VIOS2, , ,0.000, , ,0.000,0.000,U78CD.001.FZHFZ34-P1-C1-T1-S19, , , , ,true
SLO1080VIOS2, , ,0.000, , ,0.000,0.000,U78CD.001.FZHFZ34-P1-C1-T1-S22, , , , ,true
SLO1080VIOS2, , ,0.000, , ,0.000,0.000,U78CD.001.FZHFZ34-P1-C1-T1-S25, , , , ,true
SLO1080VIOS2, , ,0.000,0.001,0.051,0.000,0.000,U78CD.001.FZHFZ34-P1-C1-T1-S27, , , , ,true
SLO1080VIOS2, , ,0.000,0.009,0.059,0.000,0.000,U78CD.001.FZHFZ34-P1-C1-T1-S30, , , , ,true
SLO1080VIOS2, , ,0.002,4.581,5.002,0.001,0.001,U78CD.001.FZHFZ34-P1-C1-T1-S34, , , , ,true
SLO1080VIOS2, , ,0.000, , ,0.000,0.000,U78CD.001.FZHFZ34-P1-C1-T1-S38, , , , ,true
SLO1080VIOS2, , ,0.000,0.046,0.09,0.000,0.000,U78CD.001.FZHFZ34-P1-C1-T1-S4, , , , ,true
SLO1080VIOS2, , ,0.000, , ,0.000,0.000,U78CD.001.FZHFZ34-P1-C1-T1-S40, , , , ,true
SLO1080VIOS2, , ,3.802,4910.097,3039.983,2.618,1.184,U78CD.001.FZHFZ34-P1-C1-T1-S53, , , , ,true
SLO1080VIOS2, , ,0.000, , ,0.000,0.000,U78CD.001.FZHFZ34-P1-C1-T1-S6, , , , ,true
SLO1080VIOS2, , ,0.017,15.962,18.033,0.006,0.012,U78CD.001.FZHFZ34-P1-C1-T0-S11, , , , ,true
SLO1080VIOS2, , ,0.000, , ,0.000,0.000,U78CD.001.FZHFZ34-P1-C1-T0-S12, , , , ,true
SLO1080VIOS2, , ,0.000, , ,0.000,0.000,U78CD.001.FZHFZ34-P1-C1-T0-S13, , , , ,true
SLO1080VIOS2, , ,0.000,0.007,0.079,0.000,0.000,U78CD.001.FZHFZ34-P1-C1-T0-S16, , , , ,true
SLO1080VIOS2, , ,0.000, , ,0.000,0.000,U78CD.001.FZHFZ34-P1-C1-T0-S17, , , , ,true
SLO1080VIOS2, , ,0.000, , ,0.000,0.000,U78CD.001.FZHFZ34-P1-C1-T0-S2, , , , ,true
SLO1080VIOS2, , ,0.011,11.274,11.707,0.009,0.002,U78CD.001.FZHFZ34-P1-C1-T0-S20, , , , ,true
SLO1080VIOS2, , ,0.007,8.391,9.186,0.005,0.002,U78CD.001.FZHFZ34-P1-C1-T0-S21, , , , ,true
SLO1080VIOS2, , ,0.000, , ,0.000,0.000,U78CD.001.FZHFZ34-P1-C1-T0-S23, , , , ,true
SLO1080VIOS2, , ,0.000, , ,0.000,0.000,U78CD.001.FZHFZ34-P1-C1-T0-S24, , , , ,true
SLO1080VIOS2, , ,0.000, , ,0.000,0.000,U78CD.001.FZHFZ34-P1-C1-T0-S29, , , , ,true
SLO1080VIOS2, , ,0.000, , ,0.000,0.000,U78CD.001.FZHFZ34-P1-C1-T0-S3, , , , ,true
SLO1080VIOS2, , ,0.000, , ,0.000,0.000,U78CD.001.FZHFZ34-P1-C1-T0-S33, , , , ,true
SLO1080VIOS2, , ,0.007,8.567,9.048,0.005,0.002,U78CD.001.FZHFZ34-P1-C1-T0-S37, , , , ,true
SLO1080VIOS2, , ,0.000,0.013,0.082,0.000,0.000,U78CD.001.FZHFZ34-P1-C1-T0-S39, , , , ,true
SLO1080VIOS2, , ,0.015,18.386,17.269,0.008,0.007,U78CD.001.FZHFZ34-P1-C1-T0-S45, , , , ,true
SLO1080VIOS2, , ,0.000,0.009,0.084,0.000,0.000,U78CD.001.FZHFZ34-P1-C1-T0-S47, , , , ,true
SLO1080VIOS2, , ,0.000, , ,0.000,0.000,U78CD.001.FZHFZ34-P1-C1-T0-S49, , , , ,true
SLO1080VIOS2, , ,0.000,0.011,0.084,0.000,0.000,U78CD.001.FZHFZ34-P1-C1-T0-S5, , , , ,true
SLO1080VIOS2, , ,0.000, , ,0.000,0.000,U78CD.001.FZHFZ34-P1-C1-T0-S52, , , , ,true
SLO1080VIOS2, , ,0.000, , ,0.000,0.000,U78CD.001.FZHFZ34-P1-C1-T0-S55, , , , ,true
SLO1080VIOS2, , ,0.018,15.367,14.22,0.008,0.010,U78CD.001.FZHFZ34-P1-C1-T0-S57, , , , ,true
SLO1080VIOS2, , ,0.000,0.009,0.081,0.000,0.000,U78CD.001.FZHFZ34-P1-C1-T0-S59, , , , ,true
SLO1080VIOS2, , ,0.000, , ,0.000,0.000,U78CD.001.FZHFZ34-P1-C1-T0-S61, , , , ,true
SLO1080VIOS2, , ,0.000, , ,0.000,0.000,U78CD.001.FZHFZ34-P1-C1-T0-S63, , , , ,true
SLO1080VIOS2, , ,0.015,13.359,13.522,0.004,0.010,U78CD.001.FZHFZ34-P1-C1-T0-S65, , , , ,true
SLO1080VIOS2, , ,0.000,0.006,0.078,0.000,0.000,U78CD.001.FZHFZ34-P1-C1-T0-S67, , , , ,true
SLO1080VIOS2, , ,0.000, , ,0.000,0.000,U78CD.001.FZHFZ34-P1-C1-T0-S8, , , , ,true
SLO1080VIOS2, , ,0.000, , ,0.000,0.000,U78CD.001.FZHFZ34-P1-C1-T0-S9, , , , ,true
SLO1080VIOS2, , ,0.000, , ,0.000,0.000,U78CD.001.FZHFZ41-P1-C1-T0-S11, , , , ,true
SLO1080VIOS2, , ,0.000, , ,0.000,0.000,U78CD.001.FZHFZ41-P1-C1-T0-S15, , , , ,true
SLO1080VIOS2, , ,0.000, , ,0.000,0.000,U78CD.001.FZHFZ41-P1-C1-T0-S16, , , , ,true
SLO1080VIOS2, , ,0.000, , ,0.000,0.000,U78CD.001.FZHFZ41-P1-C1-T0-S19, , , , ,true
SLO1080VIOS2, , ,0.001,0.411,0.156,0.001,0.000,U78CD.001.FZHFZ41-P1-C1-T0-S20, , , , ,true
SLO1080VIOS2, , ,0.014,22.558,20.447,0.010,0.004,U78CD.001.FZHFZ41-P1-C1-T0-S23, , , , ,true
SLO1080VIOS2, , ,0.182,212.282,139.127,0.127,0.055,U78CD.001.FZHFZ41-P1-C1-T0-S26, , , , ,true
SLO1080VIOS2, , ,0.000, , ,0.000,0.000,U78CD.001.FZHFZ41-P1-C1-T0-S28, , , , ,true
SLO1080VIOS2, , ,0.000, , ,0.000,0.000,U78CD.001.FZHFZ41-P1-C1-T0-S31, , , , ,true
SLO1080VIOS2, , ,0.000, , ,0.000,0.000,U78CD.001.FZHFZ41-P1-C1-T0-S35, , , , ,true
SLO1080VIOS2, , ,0.056,73.736,65.835,0.040,0.016,U78CD.001.FZHFZ41-P1-C1-T0-S39, , , , ,true
SLO1080VIOS2, , ,0.000,0.001,0.08,0.000,0.000,U78CD.001.FZHFZ41-P1-C1-T0-S41, , , , ,true
SLO1080VIOS2, , ,0.000, , ,0.000,0.000,U78CD.001.FZHFZ41-P1-C1-T0-S5, , , , ,true
SLO1080VIOS2, , ,0.000, , ,0.000,0.000,U78CD.001.FZHFZ41-P1-C1-T0-S54, , , , ,true
SLO1080VIOS2, , ,0.000,0.212,0.248,0.000,0.000,U78CD.001.FZHFZ41-P1-C1-T0-S7, , , , ,true
SLO1080VIOS2, , ,0.002,1.714,1.909,0.002,0.000,U78CD.001.FZHFZ41-P1-C1-T1-S1, , , , , 
SLO1080VIOS2, , ,0.021,19.217,18.04,0.010,0.012,U78CD.001.FZHFZ41-P1-C1-T1-S10, , , , ,true
SLO1080VIOS2, , ,0.000, , ,0.000,0.000,U78CD.001.FZHFZ41-P1-C1-T1-S12, , , , ,true
SLO1080VIOS2, , ,0.026,18.467,14.256,0.017,0.009,U78CD.001.FZHFZ41-P1-C1-T1-S13, , , , ,true
SLO1080VIOS2, , ,0.000,0.005,0.053,0.000,0.000,U78CD.001.FZHFZ41-P1-C1-T1-S14, , , , ,true
SLO1080VIOS2, , ,0.000, , ,0.000,0.000,U78CD.001.FZHFZ41-P1-C1-T1-S17, , , , ,true
SLO1080VIOS2, , ,0.015,13.607,13.325,0.012,0.002,U78CD.001.FZHFZ41-P1-C1-T1-S18, , , , ,true
SLO1080VIOS2, , ,0.000, , ,0.000,0.000,U78CD.001.FZHFZ41-P1-C1-T1-S21, , , , ,true
SLO1080VIOS2, , ,0.000, , ,0.000,0.000,U78CD.001.FZHFZ41-P1-C1-T1-S22, , , , ,true
SLO1080VIOS2, , ,0.000,0.007,0.054,0.000,0.000,U78CD.001.FZHFZ41-P1-C1-T1-S24, , , , ,true
SLO1080VIOS2, , ,0.000,0.003,0.05,0.000,0.000,U78CD.001.FZHFZ41-P1-C1-T1-S25, , , , ,true
SLO1080VIOS2, , ,0.000,0.007,0.053,0.000,0.000,U78CD.001.FZHFZ41-P1-C1-T1-S3, , , , ,true
SLO1080VIOS2, , ,0.000,0.13,0.129,0.000,0.000,U78CD.001.FZHFZ41-P1-C1-T1-S30, , , , ,true
SLO1080VIOS2, , ,0.022,20.206,19.847,0.009,0.013,U78CD.001.FZHFZ41-P1-C1-T1-S34, , , , ,true
SLO1080VIOS2, , ,0.000, , ,0.000,0.000,U78CD.001.FZHFZ41-P1-C1-T1-S38, , , , ,true
SLO1080VIOS2, , ,0.000,0.017,0.064,0.000,0.000,U78CD.001.FZHFZ41-P1-C1-T1-S4, , , , ,true
SLO1080VIOS2, , ,0.000, , ,0.000,0.000,U78CD.001.FZHFZ41-P1-C1-T1-S40, , , , ,true
SLO1080VIOS2, , ,0.000, , ,0.000,0.000,U78CD.001.FZHFZ41-P1-C1-T1-S46, , , , ,true
SLO1080VIOS2, , ,0.000, , ,0.000,0.000,U78CD.001.FZHFZ41-P1-C1-T1-S48, , , , ,true
SLO1080VIOS2, , ,0.000,0.006,0.053,0.000,0.000,U78CD.001.FZHFZ41-P1-C1-T1-S50, , , , ,true
SLO1080VIOS2, , ,0.009,10.338,10.863,0.008,0.002,U78CD.001.FZHFZ41-P1-C1-T1-S53, , , , ,true
SLO1080VIOS2, , ,0.017,8.054,15.082,0.004,0.013,U78CD.001.FZHFZ41-P1-C1-T1-S56, , , , ,true
SLO1080VIOS2, , ,0.000, , ,0.000,0.000,U78CD.001.FZHFZ41-P1-C1-T1-S58, , , , ,true
SLO1080VIOS2, , ,0.000, , ,0.000,0.000,U78CD.001.FZHFZ41-P1-C1-T1-S6, , , , ,true
SLO1080VIOS2, , ,0.000, , ,0.000,0.000,U78CD.001.FZHFZ41-P1-C1-T1-S60, , , , ,true
SLO1080VIOS2, , ,0.000,0.004,0.052,0.000,0.000,U78CD.001.FZHFZ41-P1-C1-T1-S62, , , , ,true
SLO1080VIOS2, , ,0.018,16.45,16.396,0.007,0.011,U78CD.001.FZHFZ41-P1-C1-T1-S64, , , , ,true
SLO1080VIOS2, , ,0.000, , ,0.000,0.000,U78CD.001.FZHFZ41-P1-C1-T1-S66, , , , ,true
SLO1080VIOS2, , ,0.000, , ,0.000,0.000,U78CD.001.FZHFZ41-P1-C1-T1-S68, , , , ,true
SLO1080VIOS2, , ,0.000,0.008,0.054,0.000,0.000,U78CD.001.FZHFZ41-P1-C1-T1-S9, , , , ,true